	0	1	2	de
0	Tom won't stop now.	Tom won't stop right now.	Tom will not stop now.	Tom wird jetzt nicht aufhören.
1	Tom is quite old, isn't he?	Tom is fairly old, isn't he?	Tom's quite old, isn't he?	Tom ist ziemlich alt, nicht wahr?
2	Tom is nice, isn't he?	Tom is kind, isn't he?	Tom's nice, isn't he?	Tom ist nett, nicht wahr?
3	He's quite old.	He is quite old.	He's fairly old.	Er ist ziemlich alt.
4	Tom is Canadian, isn't he?	Tom is French, isn't he?	Tom is Canadian, not he?	Tom ist Kanadier, nicht wahr?
5	Tom is thirsty.	Tom is desperate.	Tom is intoxicated.	Tom ist zudringlich.
6	Tom is fine, isn't he?	Tom is well, isn't he?	Tom's fine, isn't he?	Tom geht es gut, nicht wahr?
7	Tom told Mary what he did.	Tom told Mary what he had done.	Tom told Mary what he'd done.	Tom erzählte Maria, was er getan hatte.
8	Everyone likes squirrels.	Everybody likes squirrels.	Anyone likes squirrels.	Jeder mag Eichhörnchen.
9	Tom is married now, isn't he?	Tom is now married, isn't he?	Tom is married, isn't he?	Tom ist jetzt verheiratet, nicht wahr?
10	Tom is already at home, isn't he?	Tom is at home already, isn't he?	Tom is already home, isn't he?	Tom ist schon zu Hause, nicht wahr?
11	I can't see anything because of the sun.	I can't see anything because the sun is shining.	I can't see anything because the sun is blocking my view.	Ich kann nichts sehen, weil mich die Sonne blendet.
12	You're more than a friend.	You are more than a friend.	You're more than a girlfriend.	Du bist mehr als ein Freund.
13	You're more than a girlfriend.	You are more than a girlfriend.	You're more than a friend.	Du bist mehr als eine Freundin.
14	What a smart child!	What a clever child!	What a smart kid!	Was für ein kluges Kind!
15	Don't you have a bike?	Don't you have a bicycle?	You don't have a bike?	Hast du kein Fahrrad?
16	I'm not cute!	I'm not cute.	I am not cute!	Ich bin nicht süß!
17	Tom would like to eat now.	Tom wants to eat now.	Thomas would like to eat now.	Thomas möchte jetzt essen.
18	Many people believe that it's not very likely to happen.	Many people think that it's not very likely to happen.	Many people believe that it isn't very likely to happen.	Viele Leute glauben, dass es nicht sehr wahrscheinlich ist, dass das passieren wird.
19	Please let me try it.	Please let me try.	Let me try it, please.	Bitte lass es mich versuchen.
20	Tom said he won't do that tomorrow.	Tom said that he won't do that tomorrow.	Tom said he won't be doing that tomorrow.	Tom sagte, er wird das morgen nicht machen.
21	Tom said he'd do that tomorrow.	Tom said that he'd do that tomorrow.	Tom said he would do that tomorrow.	Tom sagte, er wird das morgen machen.
22	This is the package I've been waiting for.	This is the package I was waiting for.	This is the package that I've been waiting for.	Das ist das Paket, auf das ich gewartet habe.
23	These are the news I've been waiting for.	Those are the news I've been waiting for.	These are the things I've been waiting for.	Das sind die Neuigkeiten, auf die ich gewartet habe.
24	If I had a lot of money, I would go on a world trip.	If I had a lot of money, I would make a world trip.	If I had had a lot of money, I would go on a world trip.	Wenn ich viel Geld hätte, würde ich eine Weltreise machen.
25	I think that Tom will come, but I'm not quite sure.	I think that Tom is going to come, but I'm not quite sure.	I think that Tom will come, but I'm not really sure.	Ich glaube, dass Thomas kommen wird, aber ich bin nicht ganz sicher.
26	What's your mobile number?	What is your mobile number?	What is your cell phone number?	Wie ist deine Handynummer?
27	Tom is flipping out when he gets away.	Tom is flipping out when he gets there.	Tom's flipping out when he gets there.	Tom flippt aus, wenn er dahinterkommt.
28	There's not enough food for everyone.	It's not enough food for everyone.	It's not enough for everyone to eat.	Es ist nicht für alle genug zu essen da.
29	What did you say how many people were there?	What did you say how many people have been there?	What did you say how many people had been there?	Was sagtest du, wie viele Leute dort gewesen seien?
30	We can confirm that.	We can confirm this.	We can confirm it.	Wir können das bestätigen.
31	Have you seen Tom lately?	Have you seen Tom recently?	Did you see Tom recently?	Hast du Tom in letzter Zeit gesehen?
32	Do you like life? Don't waste time, because that's the material made from which life is made.	Do you like life? Don't waste time! It's the material made from which life is made.	Do you like life? Don't waste time! It's the material that made life.	Magst du das Leben? Dann verschwende keine Zeit! Denn das ist der Stoff, aus dem das Leben gemacht ist.
33	The world is beautiful because it is diverse.	The world is beautiful because it's diverse.	The world is beautiful because it's varied.	Die Welt ist schön, weil sie vielfältig ist.
34	You aren't responsible.	You aren't the one.	You aren't in charge.	Du bist nicht dran.
35	I'll tell you the rest tomorrow.	I will tell you the rest tomorrow.	I'm telling you the rest tomorrow.	Den Rest erzähle ich Ihnen morgen.
36	I don't drink either coffee or tea.	I don't drink either coffee nor tea.	I don't drink coffee or tea.	Ich trinke weder Kaffee noch Tee.
37	Are you vegetarians?	Are you vegetarian?	Are you vegan?	Sind Sie Vegetarier?
38	Are you a vegetarian?	Are you vegetarians?	Are you a vegetable?	Sind Sie Vegetarierin?
39	Do you think you can come?	Do you think that you can come?	Do you think you may be able to come?	Denkst du, dass du kommen kannst?
40	Tom couldn't see anyone.	Tom couldn't see anybody.	Tom was unable to see anyone.	Tom konnte niemanden sehen.
41	I can certainly play chess, but I can't play chess.	I can certainly play chess, but I can't play it.	I know how to play chess, but I can't play chess.	Ich kann wohl Schach, aber nicht Dame spielen.
42	Is it possible to use this word as a non-native of Hungarian if it is explained?	Is it possible to use this word as a non-native when explained?	Is it possible to interpret this word as a non-native of Hungarian if it is explained?	Ist es möglich, dieses Wortspiel als Nichtkenner des Ungarischen zu begreifen, wenn man es erklärt bekommt?
43	Tom didn't need our help.	Tom didn't require our help.	Tom did not need our help.	Tom bedurfte unserer Hilfe nicht.
44	They finally gave up.	They've finally given up.	They have finally given up.	Sie haben endlich aufgegeben.
45	I couldn't stand up anymore.	I couldn't stand it anymore.	I couldn't stand up.	Ich konnte nicht mehr stehen.
46	It looks like someone was using a machine translation program.	It looks like someone was using a machine translation tool.	It looks like someone used to do a machine translation.	Es sieht irgendwie so aus, als hätte hier jemand von einer Maschinenübersetzung Gebrauch gemacht.
47	Here is the French original.	Here's the French original.	Here is the original French translation.	Hier ist das französische Original.
48	French is a beautiful language.	French is a wonderful language.	French is a great language.	Französisch ist eine wunderschöne Sprache.
49	When did you meet him?	When did you first meet him?	When was it you first met him?	Wann hast du ihn kennengelernt?
50	I know that you are teachers.	I know that you're teachers.	I know you're a teacher.	Ich weiß, dass Sie Lehrerin sind.
51	I know you're a teacher.	I know that you are a teacher.	I know you are a teacher.	Ich weiß, dass du Lehrer bist.
52	I know you're a teacher.	I know that you are a teacher.	I know you are a teacher.	Ich weiß, dass du Lehrerin bist.
53	Why don't you help her?	Why are you not helping her?	Why don't you help them?	Warum hilfst du ihr nicht?
54	We're on holiday.	We are on holiday.	We're on vacation.	Wir sind im Urlaub.
55	That was interesting.	This was interesting.	It was interesting.	Das war interessant.
56	I think Tom is deaf.	I think that Tom is deaf.	I think Tom is tawny.	Ich glaube, Tom ist taub.
57	We need to turn on the light.	We have to turn on the light.	We need to turn the light on.	Wir müssen die Lichtmaschine ersetzen.
58	Tom was enraged.	Tom was paralyzed.	Tom was frightened.	Tom war angeschnallt.
59	Everyone gets what he deserves.	Everybody gets what he deserves.	Anyone gets what he deserves.	Jeder bekommt, was er verdient.
60	I thought I told you I should take your finger off my computer.	I thought I told you I should get your finger off my computer.	I thought I told you I should take your finger off my computer!	Ich habe dir doch gesagt, dass du die Finger von meinem Computer lassen sollst!
61	Tom fell down the stairs.	It was Tom who took Mary down the stairs.	Tom was the one who took Mary down the stairs.	Es war Tom, der Maria die Treppe hinunterstieß.
62	I didn't mean to say anything.	I didn't mean to tell anyone anything.	I didn't mean to tell anybody anything.	Ich wollte niemand etwas sagen.
63	I'm afraid of death.	I am afraid of death.	I'm scared of death.	Ich habe Angst vor dem Tod.
64	Tom won't wash the dishes.	Tom won't do the washing-up.	Tom won't do the washing up.	Tom wird das Geschirr nicht spülen.
65	Glass fragments were lying on the floor.	Glass fragments lay on the floor.	Glasses remained on the floor.	Auf dem Fußboden lagen Glasscherben.
66	You have three wishes.	You've got three wishes.	You have three options.	Du hast drei Wünsche frei.
67	I'm going to walk.	I'm going on foot.	I'll walk.	Ich werde zu Fuß gehen.
68	I thought Tom was learning.	I thought that Tom was learning.	I thought Tom was studying.	Ich dachte, Tom lerne.
69	Tom and I walked all morning.	Tom and I walked all morning today.	Tom and I swum all morning.	Tom und ich sind heute den ganzen Morgen geschwommen.
70	A rabbit jumped out of the basket.	A rabbit swam out of the basket.	A rabbit sprung from the basket.	Aus den Büschen sprang ein Kaninchen.
71	I know Tom loves living here.	I know Tom really likes living here.	I know that Tom loves living here.	Ich weiß, dass Tom hier sehr gerne wohnt.
72	Tom looks very happy.	Tom seems very happy.	Tom is very happy.	Tom wirkt sehr glücklich.
73	He turned on the telly.	He switched on the telly.	He turned on the TV.	Er schaltete den Fernseher ein.
74	The dogs aren't supposed to sleep in the house.	The dogs shouldn't sleep in the house.	The dogs shouldn't be sleeping in the house.	Die Hunde sollen nicht im Haus schlafen.
75	If you don't want your sentences being punctuated, then don't write them.	If you don't want your sentences being punctuated, then don't write them!	If you don't want your sentences being punctuated, don't write them.	Wenn du nicht willst, dass deine Sätze kommentiert werden, dann schreibe sie erst gar nicht!
76	The water isn't cold.	The water is not cold.	The water's not cold.	Das Wasser ist nicht kalt.
77	Tom isn't vegan.	Tom is not a vegan.	Tom is not vegan.	Tom ist kein Veganer.
78	This water isn't cold.	This water is not cold.	That water isn't cold.	Dieses Wasser ist nicht kalt.
79	I'm sure you'll succeed.	I'm sure that you'll succeed.	I'm sure that you will succeed.	Ich bin sicher, dass du erfolgreich sein wirst.
80	Where did you see me?	Where have you seen me?	Where've you seen me?	Wo hast du mich gesehen?
81	You are your own boss.	You are your own employer.	You're your boss.	Du bist dein eigener Arbeitgeber.
82	Tom took his mask off.	Tom took off his mask.	Tom has taken off his mask.	Tom hat seine Maske abgenommen.
83	Was that a joke?	Was this a joke?	Was it a joke?	War das ein Witz?
84	Would that be possible?	Would this be possible?	Would it be possible?	Wäre das möglich?
85	Tom stole his neighbour's horse.	Tom stole a horse from his neighbour.	Tom killed his neighbour's horse.	Tom hat seinem Nachbarn ein Pferd gestohlen.
86	Tom wasn't at home alone.	Tom wasn't alone at home.	Tom wasn't alone in the house.	Tom war nicht allein zu Haus.
87	Aren't you friends with Tom?	Are you not friends with Tom?	Aren't you acquainted with Tom?	Bist du nicht mit Tom befreundet?
88	Mary said she wanted to go.	Mary said that she wanted to go.	Mary said she wanted to leave.	Maria sagte, sie wolle gehen.
89	Mary put her helmet on.	Mary took off her helmet.	Mary put off her helmet.	Maria setzte ihren Helm ab.
90	Where's my shoelace?	Where is my shoelace?	Where's my hat?	Wo ist mein Strohhut?
91	This sweater is too big for me.	This sweater is too tight for me.	This pullover is too big for me.	Dieser Pulli ist mir zu eng.
92	It was awfully cold one night.	It was awfully cold that night.	It was awfully cold last night.	In jener Nacht war es schrecklich kalt.
93	Tom's dream finally came true.	Tom's dream came true at last.	Tom's dream came true finally.	Toms Traum wurde endlich wahr.
94	Tom wasn't reliable.	Tom wasn't trustworthy.	Tom was not reliable.	Tom war nicht zuverlässig.
95	Tom broke his back when he picked up the snow.	Tom broke his back when he was shoveling snow.	Tom broke his back when he fell.	Tom hat sich beim Schneeschippen den Rücken kaputtgemacht.
96	Tom was obviously angry.	Tom was clearly angry.	Tom was clearly upset.	Tom war sichtlich verärgert.
97	Do you know this area?	Do you know that area?	Do you know this neighbourhood?	Kennst du diese Gegend?
98	Tom slept until noon because it was Sunday.	Tom slept until noon, because it was Sunday.	Tom slept till noon because it was Sunday.	Tom schlief bis zwölf Uhr mittags, denn es war Sonntag.
99	How do you like this teacher?	How do you like that teacher?	How do you find this teacher?	Wie findest du diesen Lehrer?
100	Do you have a waiter?	Do you have a porter?	Would you like to have a drink?	Hätten Sie einen Suppenteller?
101	I miss this joke.	I miss such a joke.	I miss this witty joke.	Derartige Witze missfallen mir.
102	The only pictures that Tom has are in contrast, that is, you can just look at his silhouette.	The only pictures that Tom has are in contrast, that is, you can see only his silhouette.	The only pictures that Tom has are in contrast, that is, he just looks at his silhouette.	Die einzigen Bilder, die es von Tom gibt, sind mit Gegenlicht, das heißt, man sieht im Grunde nur seine Silhouette.
103	He said he wanted to go.	He said that he wanted to go.	He said he wanted to leave.	Er sagte, er wolle gehen.
104	What do you need that for?	What do you need this for?	What do you need?	Wozu brauchst du das?
105	He prayed.	He betrayed.	He was praying.	Er betete.
106	He worked.	He was working.	He's working.	Er arbeitete.
107	He screamed.	He was yelling.	He was screaming.	Er schrie.
108	He clapped.	He clapped hands.	He was clapping.	Er klatschte.
109	He saw them.	He saw her.	He saw it.	Er sah sie.
110	I've seen Tom a lot.	I've seen Tom do something strange.	I've seen something strange with Tom.	Ich habe Tom etwas verstecken sehen.
111	He painted this.	He painted that.	He painted it.	Er hat das gemalt.
112	He switzed.	He swum.	He was sweating.	Er schwitzte.
113	He eats his favourite food.	He eats his favorite food.	He eats his favourite vegetable.	Er isst sein Lieblingseis.
114	Tom drank a cup of his tea.	Tom drank a bite of his tea.	Tom had a swig of his tea.	Tom trank einen Schluck von seinem Tee.
115	The tie that broke the tie made us laugh.	The knot that broke the tie made us laugh.	The tie that broke the tie made us get together.	Der Knall, mit dem das kaputt ging, ließ uns zusammenzucken.
116	Mary is sitting at her desk.	Mary sits at her desk.	Mary is at her desk.	Maria sitzt an ihrem Schreibtisch.
117	I shouldn't have asked you.	I didn't want to ask you.	I didn't mean to ask you.	Ich hätte dich nicht fragen sollen.
118	Maths is taught the day after tomorrow.	Math is taught the day after tomorrow.	Mathematics is taught the day after tomorrow.	Mathematik wird dienstags unterrichtet.
119	The rescuers were alarmed.	The rescue workers were alarmed.	The rescue crews were alarmed.	Die Rettungsmannschaften wurden alarmiert.
120	The price will soon go up.	The price is going to go up soon.	The price is going up soon.	Der Preis steigt bald.
121	Tom isn't busy right now.	Tom isn't busy now.	Tom is not busy right now.	Tom ist gerade nicht beschäftigt.
122	The goal is not as important as the outcome.	The goal isn't as important as the outcome.	The goal is not as important as the result.	Das Ziel ist nicht so wichtig wie das danach.
123	You look quite nervous.	You look really nervous.	You look pretty nervous.	Du siehst ziemlich nervös aus.
124	Tom will be very happy to see you.	Tom is going to be very pleased to see you.	Tom will be very pleased to see you.	Tom wird sich sehr freuen, dich zu sehen.
125	He said he was very poor.	He said that he was very poor.	He said he's very poor.	Er sagte, er sei sehr arm.
126	I'd like Tom to apologize to me.	I want Tom to apologize to me.	I would like Tom to apologize to me.	Ich möchte, dass Tom sich bei mir entschuldigt.
127	Tom might have seen us.	Tom may have seen us.	Tom could have seen us.	Tom könnte uns gesehen haben.
128	I think I'm too old for it.	I think that I'm too old for it.	I think I'm too old for this.	Ich glaube, ich bin dafür zu alt.
129	Tom injured his shoulder.	Tom injured himself in the shoulder.	Tom hurt himself on the shoulder.	Tom hat sich an der Schulter verletzt.
130	That's an olive tree.	This is an olive tree.	That is an olive tree.	Das ist ein Olivenbaum.
131	Tom is really going to be pleased to see you.	Tom is really going to be happy to see you.	Tom is really going to be glad to see you.	Tom wird sich wirklich freuen, dich zu sehen.
132	They welcome the guests.	They are welcoming the guests.	They're welcoming the guests.	Sie begrüßen die Gäste.
133	I think it's very important.	I think this is very important.	I think that it's very important.	Das halte ich für sehr wichtig.
134	I'm not looking forward to it sooner.	I'm not happy about this sooner.	I'm not looking forward to it.	Ich freue mich eher nicht darauf.
135	I thought you were a French teacher.	I thought that you were a French teacher.	I thought that you were French teachers.	Ich dachte, Sie wären Französischlehrer.
136	I thought you were a French teacher.	I thought that you were a French teacher.	I thought that you were French teachers.	Ich dachte, du wärest Französischlehrer.
137	I thought you were a French teacher.	I thought that you were a French teacher.	I thought that you were French teachers.	Ich dachte, Sie wären Französischlehrerin.
138	I thought you were a French teacher.	I thought that you were a French teacher.	I thought that you were French teachers.	Ich dachte, du wärest Französischlehrerin.
139	Did Tom write that?	Did Tom write this?	Did Tom write that down?	Hat Tom das geschrieben?
140	I had fun learning French at school.	I had fun doing French at school.	I had fun playing French at school.	In der Schule hat mir Französisch Spaß gemacht.
141	Tom is not a cook.	Tom's not a cook.	Tom is not a chef.	Tom ist kein Koch.
142	Tom is an engineer.	Tom is an electrical engineer.	Tom is a computer engineer.	Tom ist ein Elektronikingenieur
143	There's only one time, and that's the right one.	There's only a moment, and that's the right one.	There's only a short time, and that's the right one.	Es gibt nur ein Tempo, und das ist das richtige.
144	It's going to be cold tonight.	It's getting cold tonight.	It will be cold tonight.	Heute Abend wird es kalt.
145	He lied to her for dinner.	He invited her to dinner.	He tricked her to dinner.	Er lud sie zum Abendessen ein.
146	I didn't hear anyone talking.	I didn't hear anyone talk.	I didn't hear anybody talking.	Ich hörte niemanden reden.
147	I thought the judge's decision was fair.	I thought the judge was right.	I thought the judge was fair.	Ich fand den Richterspruch gerecht.
148	Both Mary and I like swimming.	Both Mary and I enjoy swimming.	Both Mary and I like to swim.	Sowohl Maria als auch ich schwimmen gerne.
149	That's more than I wanted to dream.	That's more than I dreamed.	It's more than I dreamed.	Das ist mehr, als ich zu träumen wagte.
150	You'll get used to the noise soon.	You will get used to the noise soon.	You'll soon get used to the noise.	Du wirst dich bald an den Lärm gewöhnt haben.
151	I think it's the right thing to do.	I think that's the right thing to do.	I think this is the right thing to do.	Das halte ich für das Richtigste.
152	Why is it easier to wake up late than to get up early?	Why is it easier to wake up early than to get up early?	Why is it easier to wake up late than to rise early?	Warum ist es leichter, lange zu wachen, als früh aufzustehen?
153	Tom didn't let anyone near the grill.	Tom didn't let anybody near the grill.	Tom didn't allow anyone near the grill.	Tom ließ niemanden in die Nähe des Grills.
154	That was a stupid decision.	It was a stupid decision.	That was a foolish decision.	Das war ein törichter Entschluss.
155	Tom was smart.	Tom was wise.	Tom was clever.	Tom war klug.
156	I'll never come here again.	I will never come here again.	I'll never come back here again.	Ich werde nie wieder hierherkommen.
157	I will never come back here again.	I'll never return.	I'll never return here again.	Ich werde nie wieder hierher zurückkommen.
158	It depends on the context. Give me an example situation.	How it is said depends on the context. Give me an example.	How it is said depends on the context. Give me an example situation.	Wie man es sagt, kommt auf den Kontext an. Gib mir mal eine Beispielsituation.
159	How do you say that in jiddish?	How do you say this in jiddish?	How do you say that in a jiffy?	Wie sagt man das auf Jiddisch?
160	I've always kept my word.	I always kept my word.	I have always kept my word.	Ich habe mein Wort immer gehalten.
161	Your English has improved.	Your English has gotten better.	Your English has got better.	Dein Englisch ist besser geworden.
162	There's no French edition of this book yet.	There is no French edition of this book yet.	There's no translation of this book yet.	Von diesem Buch gibt es noch keine französische Ausgabe.
163	Next time I'll do it alone.	Next time I'll do it by myself.	Next time I'm going to do it alone.	Nächstesmal mache ich es allein.
164	I think Tom was busy.	I think that Tom was busy.	I believe that Tom was busy.	Ich glaube, Tom war beschäftigt.
165	You're translating the proposal, aren't you?	You're putting up with the proposal, aren't you?	You're referring to the proposal, aren't you?	Du befürwortest das Vorhaben doch, oder?
166	Tom isn't very good at tennis.	Tom can't play tennis very well.	Tom is not very good at tennis.	Tom kann nicht sonderlich gut Tennis spielen.
167	Tom said he'd never eaten sushi.	Tom said that he'd never eaten sushi.	Tom has said he's never eaten sushi.	Tom hat gesagt, er habe noch nie Sushi gegessen.
168	I wish I could live in such a house.	I wish that I could live in such a house.	I wish I could live in such a house!	Ich wollte, ich könnte in so einem Haus leben!
169	It wasn't Tom who cleaned the room.	It was not Tom who cleaned the room.	Tom wasn't the one who cleaned the room.	Es war nicht Tom, der das Zimmer saubergemacht hat.
170	I like playing chess.	I like to play chess.	I enjoy playing chess.	Ich spiele gern Schach.
171	Tom translated Mary's letter into French.	Tom translated the letter of Mary into French.	Tom translated the letter from Mary into French.	Tom hat sich den Brief von Maria ins Französische übersetzen lassen.
172	Maybe I'll go there tomorrow.	Maybe I'll go there someday.	Maybe I'll go there sometime tomorrow.	Vielleicht gehe ich morgen mal dahin.
173	Tom's parents refused Mary.	Tom's parents refused to marry Mary.	Tom's parents refused to let Mary down.	Toms Eltern lehnten Maria ab.
174	Tom is not a socialist.	Tom's not a socialist.	Tom isn't an socialist.	Tom ist kein Sozialist.
175	What do you want me to do?	What am I supposed to do?	What exactly am I supposed to do?	Was genau soll ich tun?
176	I keep thinking about it.	I keep thinking about this.	I always think about it.	Ich denke ständig daran.
177	I really want to have a website.	I really wish to have a website.	I really want a website.	Ich möchte wirklich eine Webseite haben.
178	Tom is an anarchist.	Tom's an anarchist.	Tom is a conservative.	Tom ist ein Anarchist.
179	Tom walked about twenty kilometres.	Tom has run about twenty kilometres.	Tom walked about twenty kilometers.	Tom ist ungefähr zwanzig Kilometer gelaufen.
180	Let's name the things according to their real names.	Let's name the things according to their true names.	Let's name the things with their real names.	Nennen wir die Dinge bei ihren wahren Namen.
181	Tom must've been sick.	Tom must have been sick.	Tom must have been ill.	Tom muss krank gewesen sein.
182	The problem with windowpanes is that they are easily broken.	The problem with window treatments is that they are easily broken.	The problem with window treatments is that they're easily broken.	Das Problem mit Fensterscheiben ist, dass sie leicht kaputtgehen.
183	When it began to rain and the birds began to wiggle, Tom finally arrived at home.	When it began to rain and the birds began to wiggle, Tom finally arrived home.	When it began to rain and the birds began to wiggle, Tom finally got home.	Als es dämmerte und die Vögel anfingen zu zwitschern, kam Tom endlich zu Hause an.
184	Hurry up! We're waiting for you!	Hurry up, we're waiting for you.	Hurry up, we're waiting for you!	Beeil dich! Wir warten auf dich!
185	He drinks milk.	He's drinking milk.	He is drinking milk.	Er trinkt Milch.
186	Tom drinks milk.	Tom is drinking milk.	Tom's drinking milk.	Tom trinkt Milch.
187	If you don't want your sentences being commented on, just don't write them.	If you don't want your sentences being commented on, just don't write them!	If you don't want your sentences being commented on, then don't write them.	Wenn ihr nicht wollt, dass eure Sätze kommentiert werden, dann schreibt sie erst gar nicht!
188	Something drives Tom crazy; I just don't know what.	Something's driving Tom crazy; I just don't know what.	Something is driving Tom crazy; I just don't know what.	Irgendwas führt Tom im Schilde; ich weiß nur nicht, was.
189	Mary planted her land.	Mary watered her land.	Mary cultivated her land.	Maria pflügte ihr Land.
190	Tom is one of the three children.	Tom is one of Mary's three children.	Tom is one of the three children Marie is.	Tom ist eines der drei Kinder Mariens.
191	I already know the answer.	I know the answer already.	I've already known the answer.	Ich kenne die Antwort bereits.
192	I already know the answer.	I already know that answer.	I already know the answer to that.	Die Antwort kenne ich bereits.
193	Tom isn't sleeping yet.	Tom isn't asleep yet.	Tom is still not asleep.	Tom schläft noch nicht.
194	Tom isn't crying anymore.	Tom is no longer crying.	Tom doesn't cry anymore.	Tom weint nicht mehr.
195	I shouldn't have trusted someone like Tom.	I shouldn't have trusted such a man as Tom.	I shouldn't have trusted a man like Tom.	Ich hätte so einem wie Tom nicht trauen dürfen.
196	If you do what I want, I will give you this.	If you do what I want, I'll give you this.	If you do what I want, I will give you that.	Wenn du tust, was ich will, gebe ich dir das hier.
197	Where's Tom going?	Where is Tom going?	Where's Tom from?	Wohin zieht Tom?
198	I'm going to buy Tom a present.	I'll buy Tom a present.	I'm going to buy Tom a gift.	Ich werde Tom ein Geschenk kaufen.
199	I am studying for an exam.	I am studying for a test.	I'm studying for an exam.	Ich lerne für eine Prüfung.
200	I ate an American.	I had a meal with an American.	I ate dinner with an American.	Ich habe einen Amerikaner gegessen.
201	I was very worried.	I was very concerned.	I've been very worried.	Ich war sehr besorgt.
202	I got very angry.	I became very angry.	I got really angry.	Ich wurde sehr wütend.
203	I was astonished when I learned that I had won.	I was astonished when I realized that I had won.	I was astonished when I learned that I won.	Ich war erstaunt, als ich erfuhr, dass ich gewonnen hatte.
204	I took a long trip last year.	I went on a long trip last year.	I had a long trip last year.	Ich habe letztes Jahr eine lange Reise unternommen.
205	I'll never forget what Tom did to me.	I will never forget what Tom did to me.	I'll never forget what Tom did for me.	Ich werde nie vergessen, was Tom mir angetan hat.
206	I'll never forget what Tom did for me.	I will never forget what Tom did for me.	I won't forget what Tom did for me.	Ich werde nie vergessen, was Tom für mich getan hat.
207	I think it's going to snow tomorrow.	I think it will snow tomorrow.	I think it'll snow tomorrow.	Ich glaube, es wird morgen schneien.
208	I was born the same day Tom was born.	I was born on the same day Tom was born.	I was born the day Tom was born.	Ich wurde an demselben Tag wie Tom geboren.
209	This was the first time I made curry.	That was the first time I made curry.	It was the first time I made curry.	Das war das allererste Mal, dass ich Curry gemacht habe.
210	I thought Tom's father was called John.	I thought Tom's father called John.	I thought that Tom's father was called John.	Ich dachte, Toms Vater hieße Johannes.
211	I'd like to hire a boat.	I'd like to hire a yacht.	I'd like to rent a boat.	Ich möchte gerne eine Jacht mieten.
212	She's too fast.	She is too fast.	She's too quick.	Sie ist zu schnell.
213	What are you doing in my room?	What're you doing in my room?	What do you do in my room?	Was machst du in meinem Zimmer?
214	You aren't married, are you?	You're not married, are you?	You are not married, are you?	Du bist nicht verheiratet, oder?
215	You need the money.	You need that money.	You need this money.	Ihr braucht das Geld.
216	I had Tom clean the room.	I had the room cleaned by Tom.	I got Tom to clean the room.	Ich habe das Zimmer von Tom reinigen lassen.
217	I think Tom is busy.	I think that Tom is busy.	I think Tom's busy.	Ich glaube, Tom ist beschäftigt.
218	Tom was a scrounger.	Tom was a thief.	Tom was a confectioner.	Tom war Schrotthändler.
219	Tom went shopping for dog food.	Tom has gone shopping for dog food.	Tom went to buy dog food.	Tom ist Hundefutter kaufen gegangen.
220	This is the key I was looking for.	This is the key I've been looking for.	This is the key that I was looking for.	Das ist der Schlüssel, nach dem ich gesucht habe.
221	This problem is too difficult to solve in the first place.	This problem is too hard to solve without the solution.	This problem is too difficult to solve without the solution.	Dieses Problem ist zu schwierig, als das Grundschüler es lösen könnten.
222	Where's your older brother right now?	Where's your older brother now?	Where is your older brother now?	Wo ist dein älterer Bruder gerade?
223	Where's your older brother right now?	Where's your older brother now?	Where is your older brother now?	Wo ist Ihr älterer Bruder gerade?
224	I hope I'll get the chance to see you next time I'm in Boston.	I hope I'll get the chance to see you next time I go to Boston.	I hope that I'll get the chance to see you next time I go to Boston.	Ich hoffe, ich habe nächstesmal, wenn ich in Boston bin, Gelegenheit, dich zu sehen.
225	I don't like tea, so I usually drink coffee at breakfast.	I don't like tea so I usually drink coffee at breakfast.	I don't like tea so much that I usually drink coffee at breakfast.	Ich mag keinen Tee, so dass ich zum Frühstück gewöhnlich Kaffee trinke.
226	I only hope it's a few hours before it gets too wet.	I only hope it's a few hours before it rains.	I only hope it's a few hours before it's too late.	Ich hoffe nur, dass es bis zum Regen noch ein paar Stunden hin ist.
227	Tom isn't older than me.	Tom is not older than I am.	Tom is no older than I am.	Tom ist nicht älter als ich.
228	He said he'd do it again.	He said that he'd do it again.	He said he'd do that again.	Er sagte, er würde es wieder tun.
229	He said he was very hungry.	He said that he was very hungry.	He said he was really hungry.	Er sagte, er habe großen Hunger.
230	He said he'd try it.	He said he'd try.	He said he would try it.	Er sagte, er würde es versuchen.
231	Tom may have missed his train.	Tom might have missed his train.	Maybe Tom missed his train.	Tom hat vielleicht seinen Zug verpasst.
232	Tom isn't afraid of me.	Tom is not afraid of me.	Tom isn't scared of me.	Tom hat keine Angst vor mir.
233	There's been a lot of rain this year.	A lot of rain has been forecast for this year.	There has been a lot of rain this year.	Dieses Jahr hat es viel geregnet.
234	What's yours?	What is yours?	Which one are you?	Welches ist deins?
235	Maybe I'll go there tomorrow.	Perhaps I'll go there tomorrow.	Maybe I will go there tomorrow.	Vielleicht gehe ich morgen dorthin.
236	Make sure you are at home before dark.	Make sure you're at home before dark.	Make yourself at home before dark.	Bemühe dich, vor Einbruch der Dunkelheit zu Hause zu sein!
237	Make sure you're at home before dark.	Make sure you are at home before dark.	You need to be at home before dark.	Bemüht euch, vor Einbruch der Dunkelheit zu Hause zu sein!
238	I thought Tom's mother was Mary.	I thought Tom's mother was called Mary.	I thought Tom's mother was named Mary.	Ich dachte, Toms Mutter heiße Maria.
239	This medicine only requires a prescription.	This medicine only needs to be taken by the doctor.	This medicine only has a few ingredients.	Dieses Medikament bekommt man nur auf Rezept.
240	I should've gotten Tom involved.	I should've introduced Tom.	I should have introduced Tom.	Ich hätte Tom einladen sollen.
241	The machine is driven by a motorbike.	The machine is driven by a pump.	The machine is driven by a water jet.	Die Mühle wird von einem Wasserrad angetrieben.
242	Mary is a fighter.	Mary is a boxer.	Mary is a martial artist.	Maria ist Kampfkünstlerin.
243	Tom always wears a mask outside.	Tom always wears a mask out.	Tom always wears a mask outdoors.	Tom trägt draußen immer eine Maske.
244	The animals died one after another.	One after another, the animals died.	The animals died one after the other.	Die Tiere starben eines nach dem anderen.
245	What film did you watch?	Which film did you watch?	What movie did you watch?	Welchen Film hast du dir angesehen?
246	What movie did you watch?	What film did you watch?	Which film did you watch?	Welchen Film habt ihr euch angesehen?
247	What movie did you watch?	What film did you watch?	Which movie did you watch?	Welchen Film haben Sie sich angesehen?
248	The girls all believe that's true.	The girls all think that's true.	The girls all think that this is true.	Die Mädchen finden das alle richtig.
249	We'll definitely come.	We're definitely coming.	We'll certainly come.	Wir kommen auf jeden Fall.
250	They've seen them.	They saw them.	They've seen her.	Sie haben sie gesehen.
251	Tom is said to be very rich.	Tom is supposed to be very rich.	Tom is thought to be very rich.	Tom soll sehr reich sein.
252	Everyone will know.	Everybody will know.	Everyone's going to know.	Alle werden es wissen.
253	Has anyone kissed your dog?	Have you ever kissed your dog?	Has anyone kissed your dog before?	Hat dein Hund schon mal jemanden gebissen?
254	Has anyone kissed your dog?	Have you ever kissed your dog?	Has anyone kissed your dog before?	Hat euer Hund schon mal jemanden gebissen?
255	Have you ever kissed your dog?	Has anyone kissed your dog?	Has anyone kissed your dog before?	Hat Ihr Hund schon mal jemanden gebissen?
256	Tom is supposed to be wealthy.	Tom is said to be wealthy.	Tom's supposed to be wealthy.	Tom soll wohlhabend sein.
257	Prices are going to go up.	Prices are going to rise.	The prices are going up.	Die Preise werden steigen.
258	How she got here.	How they got here.	How she got involved.	Weise sie ein.
259	Tom isn't angry.	Tom isn't afraid.	Tom is not furious.	Tom ist kein Furry.
260	Tom thought it was delicious.	Tom said he thought it was delicious.	Tom thought that it was delicious.	Tom fand es köstlich.
261	This picture shows the top of the mountain in the morning.	This picture shows the moon in the morning.	This picture shows the crest of the moon in the morning.	Auf diesem Bild ist am Himmel der Merkur in der Morgendämmerung zu sehen.
262	The American movies are popular around the world.	The American movies are popular all over the world.	The American films are popular around the world.	Die amerikanischen Filme sind auf der ganzen Welt beliebt.
263	Do you remember this?	Do you remember?	Do you remember that?	Erinnern Sie sich daran?
264	It won't rain today.	It's not going to rain today.	It will not rain today.	Es wird heute nicht regnen.
265	Give the cat some milk.	Give the cat milk.	Give milk to the cat.	Gib der Katze Milch.
266	This is a sketch.	That's a sketch.	It's a sketch.	Das ist eine Schnapsidee.
267	She is supposed to be in love with him.	She is said to be in love with him.	She's supposed to be fond of him.	Sie soll in ihn verliebt sein.
268	"Is it still possible to see the lights on this picture? ""No, they aren't anymore. We threw them away when we were moving then."""	"Is it still possible to see the lights on this picture? ""No, they're not anymore. We threw them away when we were moving then."""	"Is it still possible to see the lights on this picture? ""No, they aren't anymore. We threw them away when we moved then."""	„Gibt es die Stehlampe noch, die auf diesem Bild zu sehen ist?“ – „Nein, die gibt es nicht mehr. Die haben wir damals beim Umzug weggeworfen.“
269	"Is it really Tom's old coffee mug still? ""It has to be somewhere in the cellar."""	"Is it really Tom's old coffee mug still? ""It has to be somewhere in the basement."""	"Is it really Tom's old coffee mug still there? ""It has to be somewhere in the cellar."""	„Gibt es eigentlich Omas alte Kaffeemühle noch?“ – „Die muss noch irgendwo im Keller stehen.“
270	I'm definitely not going to do this.	I'm definitely not going to do that.	I'm really not going to do that.	Das mache ich ganz bestimmt nicht!
271	She bought a kiln.	She bought a chopstick.	She bought a crow.	Sie hat ein Küken gekauft.
272	It's been three years since I started learning French.	It's been three years since I began learning French.	It's been three years since I started studying French.	Es ist drei Jahre her, seit ich angefangen habe, Französisch zu lernen.
273	Whose is the moon?	Whose moon is it?	Whose are the monks?	Wem gehört der Mond?
274	We just saw a movie.	We've just seen a movie.	We have just seen a movie.	Wir haben gerade einen Film angesehen.
275	Tom is fighting against cancer.	Tom fights against cancer.	Tom is fighting against the cancer.	Tom kämpft gegen den Krebs.
276	I thought Tom was wrong.	I thought that Tom was wrong.	I thought Tom was mistaken.	Ich fand, dass Tom unrecht hatte.
277	I thought the movie was very atmospheric.	I thought the movie was very atmospheric!	I thought that the movie was very atmospheric.	Ich fand den Film sehr atmosphärisch!
278	The old brickwork began to crumble.	The old wall began to crumble.	The old building began to crumble.	Das alte Mauerwerk begann zu zerbröseln.
279	I try to read at least a few pages a day.	I try to read at least a couple of pages a day.	I try to read at least one page a day.	Ich versuche, jeden Tag wenigstens ein paar Seiten zu lesen.
280	The washing-room is full: we have to wash the dishes.	The washing-room is full: we need to wash the dishes.	The laundry room is full: we have to wash it up.	Die Wäschetonne ist voll: wir müssen Waschtag machen.
281	I don't only study English, but also French.	I don't just study English, but also French.	I don't only learn English, but also French.	Ich lerne nicht nur Englisch, sondern auch Französisch.
282	He repaired them all.	He fixed them all.	He repaired all of them.	Er hat sie alle repariert.
283	We have to colonize Mars.	We need to colonize Mars.	We must colonize Mars.	Wir müssen den Mars kolonisieren.
284	Your answer surprised him.	His answer surprised him.	Her answer surprised him.	Ihre Antwort überraschte ihn.
285	Tom is going to be informed about this.	Tom is going to be informed about it.	Tom is going to be taught about this.	Tom wird darüber unterrichtet werden.
286	I can't ride a bicycle.	I can't ride a bike.	I do not know how to ride a bicycle.	Ich kann nicht Fahrrad fahren.
287	I'm afraid I can't save you this time.	I'm afraid I can't save you once.	I fear that I can't save you this time.	Ich fürchte, diesmal kann ich dich nicht retten.
288	She wore a lot of jewellery.	She was wearing a lot of jewellery.	She wore a lot of jewelry.	Sie trug viel Schmuck.
289	You really have a beautiful garden.	You have a really beautiful garden.	You have a really nice garden.	Du hast wirklich einen schönen Garten.
290	Sam didn't reply to my message.	Sam didn't respond to my message.	Sam did not reply to my message.	Sam hat nicht auf meine Nachricht geantwortet.
291	Everyone except Tom knew he didn't have to do that.	Everyone except Tom knew that he didn't have to do that.	Everyone but Tom knew he didn't have to do that.	Alle außer Tom wussten, dass er das nicht tun musste.
292	Tom gave me this as a present.	Tom gave me this as a birthday present.	Tom gave me that as a present.	Das hat Tom mir zum Geburtstag geschenkt.
293	I'm kneeling.	I am kneeling.	I'm kneeling down.	Ich kniete mich hin.
294	You left the fridge open!	You've left the fridge open!	You left the fridge open.	Du hast den Kühlschrank offengelassen!
295	Tom picked flowers.	Tom picked the flowers.	Tom picked some flowers.	Tom pflückte Blumen.
296	Let's finish it today so we can paint tomorrow.	Let's finish it today so we can paint tomorrow!	Let's finish today so that we can paint tomorrow.	Machen wir es heute fertig, damit wir morgen rasten können!
297	I like listening to the radio.	I enjoy listening to the radio.	I like to listen to the radio.	Ich höre gerne Radio.
298	"What are you going to drink? ""This is such a good idea that Mary made it from all natural ingredients. It's really good for you. Would you like to have a cup of tea, please?"" ""Yes, let me know!"""	"What are you going to drink? ""This is such a good idea that Mary made it from all natural ingredients. It's really good for you. Would you like to have a cup of tea, please?"" ""Yes, let me know."""	"What're you going to drink? ""This is such a good idea that Mary made it from all natural ingredients. It's really good for you. Would you like to have a cup of tea, please?"" ""Yes, let me know!"""	„Was trinkst du denn da?“ – „Das ist so ein Gesundheitstrunk, den Maria aus allerlei Zutaten aus der Natur gebraut hat. Schmeckt ganz gut. Willst du auch eine Tasse?“ – „Ach ne, lass mal stecken!“
299	I had spent six years at school in German, but since then I've almost forgotten everything.	I had spent six years at school in German, but since then I've forgotten almost everything.	I had spent six years at school in German, but since then I have almost forgotten everything.	Ich hatte Deutsch sechs Jahre in der Schule, aber inzwischen habe ich fast alles vergessen.
300	I can thank you and say that, but I already have my German skills.	I can thank you and say that, but I already have my German already.	I can thank and please say that, but I already have my German already.	Ich kann danke und bitte sagen, aber da enden meine Deutschkenntnisse auch schon.
301	Don't you want to spend Christmas with Tom?	Do you don't want to spend Christmas with Tom?	Do you not want to spend Christmas with Tom?	Willst du Weihnachten nicht mit Tom zusammen verbringen?
302	There is a car in front of the church.	A car is in front of the church.	A car is standing in front of the church.	Vor der Kirche steht ein Wagen.
303	There is a car in front of the church.	There's a car before the church.	There's a car outside the church.	Da steht ein Auto vor der Kirche.
304	The cat wants to go.	The cat wants to run away.	The cat wants to get out.	Die Katze will raus.
305	The newspapers are in the paper bin, not in the paper bin.	The newspapers come in the paper bin, not in the paper bin.	The newspapers are in the paper bag, not in the paper bag.	Die Zeitungen kommen in die Papiertonne, nicht in den Restmüll.
306	Open up the door! Can we enter through the keyhole?	Open up the door. Can we enter through the keyhole?	Open up the door! Can we enter through the lock?	Mach doch die Tür auf! Müssen wir uns hier so durchs Schlüsselloch unterhalten?
307	There's somewhere in this book, but I don't feel like looking it up right now.	There's somewhere in this book, but I don't feel like trying out that place right now.	There's somewhere in this book, but I don't feel like looking it up now.	Es steht irgendwo in diesem Buch, aber ich habe jetzt keine Lust, die Stelle herauszusuchen.
308	I'm very grateful.	I'm very thankful.	I am very grateful.	Ich bin sehr gedankenlos.
309	In winter, I cover myself with a feather.	In winter, I cover myself with a blanket.	In winter, I cover myself with a poncho.	Im Winter decke ich mich mit einem Federbett zu.
310	Turn off the night light.	Turn off the light at night.	Turn off the nightlight.	Mach die Nachttischlampe aus!
311	What's in the drawer?	What's in the shoe box?	What's in the shoe?	Was ist in der Schublade?
312	I have to go now, but I'll be back soon.	I have to go now, but I will return.	I have to go now, but I'll be back.	Ich muss jetzt gehen, aber ich werde zurückkommen.
313	Did you turn off the light in the living room?	Have you turned off the light in the living room?	Have you switched off the light in the living room?	Hast du im Wohnzimmer das Licht ausgemacht?
314	I've left a bad habit.	I've allowed a bad habit.	I have left a bad habit.	Ich habe ein Bad eingelassen.
315	We still have paper.	We still have pencil.	We still have some paper.	Wir haben noch Klopapier.
316	There's no paper left.	There's no pencil left.	There's no paper anymore.	Es ist kein Klopapier mehr da.
317	Tom lives in that house.	Tom lives in the house.	Tom lives in the house there.	In dem Haus da wohnt Tom.
318	Get yourself a chair!	Get yourself a chair.	Get a chair!	Hol noch einen Stuhl!
319	He likes to buy notebooks.	He likes buying notebooks.	He likes buying notepads.	Er kauft gerne Notizblöcke.
320	He has a lot of notebooks in his pocket.	He has a large number of notebooks in his pocket.	He has a great deal of notebooks in his pocket.	Er hat viele Notizbücher in seiner Schublade.
321	How many ballpoint pen do you have?	How many ballpoints do you have?	How many biro do you have?	Wie viele Kugelschreiber hast du?
322	Do you have a pen?	Have you got a pen?	Do you have a pencil?	Hast du einen Füller?
323	This diffuser is really cute.	This fag is really cute.	This twister is really cute.	Dieser dinoförmige Radierer ist echt süß.
324	It's been raining a lot lately.	It has been raining a lot lately.	It's been raining heavily lately.	In letzter Zeit regnet es alle naselang.
325	Tom isn't easy to impress.	Tom is not easy to impress.	Tom's not easy to impress.	Tom ist nicht leicht zu beeindrucken.
326	Even though I'm a rascal, I still find that I'm lazy.	Even though I'm a bit older than Rasenmäher, I still find myself lazy.	Even though I'm a rascal, I still find that I am lazy.	Schlimmer noch als Rasenmäher finde ich Laubbläser.
327	She thought I was a doctor.	She thought that I was a doctor.	She considered me a doctor.	Sie hielt mich für einen Arzt.
328	She thought I was a doctor.	She thought that I was a doctor.	She treated me as a doctor.	Sie hielt mich für eine Ärztin.
329	Mary is much more beautiful than I am.	Mary is much prettier than I am.	Mary is a lot more beautiful than me.	Maria malt viel schöner als ich.
330	Give me the laptop.	Give me the laptop!	Give me that laptop.	Gib mir den Laptop da!
331	"You're Mr. Müller? ""I'm yours. I'm happy to meet you!"" ""The joy is quite overwhelming!"""	"You're Mr. Müller? ""I'm yours. I'm happy to meet you."" ""The joy is quite overwhelming!"""	"You're Mr Miller? ""I'm yours. I'm happy to meet you!"" ""The joy is quite overwhelming!"""	„Sie sind Herr Müller?“ – „Der bin ich. Ich freue mich, Sie kennenzulernen!“ – „Die Freude ist ziemlich einseitig!“
332	I don't think you're quite sure how much I miss you.	I don't think you are quite sure how much I miss you.	I don't think it's clear to you how much I miss you.	Ich glaube, dir ist gar nicht klar, wie sehr ich dich vermisse.
333	My door is always open.	My door's always open.	My door always is open.	Meine Tür ist immer offen.
334	Tom wants to be a diplomat.	Tom wants to become a diplomat.	Tom says he wants to be a diplomat.	Tom will Diplomat werden.
335	You had better not associate with Tom.	You'd better not associate with Tom.	It's better not to associate with Tom.	Mit Tom legt man sich besser nicht an.
336	I don't like talking about politics.	I don't like speaking about politics.	I don't like talking politics.	Ich spreche nicht gern über Politik.
337	We can breed cows and sheep, too.	We can also breed cows and sheep.	We will also be able to breed cows and sheep.	Wir werden auch Kühe und Schafe züchten können.
338	Not long after we split up, Tom was with Mary.	Not long after we separated, Tom was with Mary.	Not long after we split up, Tom was together with Mary.	Nicht lange, nachdem wir uns getrennt hatten, war Tom mit Maria zusammen.
339	Mary likes to watch romantic comedy.	Mary likes watching romantic comedy.	Mary likes to watch Romantic comedy.	Maria sieht sich gerne romantische Komödien an.
340	Don't eat anything your urine smells like it.	Don't eat anything your urine contains.	Don't eat anything your urine smells like it!	Iss nichts, was deiner Urgroßmutter nicht als essbar gälte!
341	Tom put the mobile phone into the pocket.	Tom put the mobile phone in the pocket.	Tom put the cellphone in the pocket to vibrate.	Bei Tom fing das Mobiltelefon in der Tasche zu vibrieren an.
342	Tom admitted he had made a mistake.	Tom admitted that he had made a mistake.	Tom refused to admit he had made a mistake.	Tom weigerte sich zuzugeben, dass er einen Fehler gemacht hatte.
343	Turn on the computer.	Turn on your computer.	Turn the computer on.	Schalten Sie den Computer an.
344	Turn on the computer.	Turn the computer on.	Put the computer on.	Mach den Computer an.
345	Don't you know I'm with Tom?	Don't you know that I'm with Tom?	Do you not know that I'm with Tom?	Weißt du denn nicht, dass ich mit Tom zusammen bin?
346	I thought that Mary was your girlfriend.	I thought Mary was your girlfriend.	I thought of Mary as your girlfriend.	Ich hielt Maria für deine Freundin.
347	I thought that Mary was your girlfriend.	I thought Mary was your girlfriend.	I thought of Mary as your girlfriend.	Ich hielt Maria für Ihre Freundin.
348	Tom sometimes calls Mary five times a day.	Tom calls Mary sometimes five times a day.	Tom calls Mary at least five times a day.	Tom ruft Maria manchmal fünfmal am Tag an.
349	I don't think Tom said that.	I don't think that Tom said that.	I don't think Tom said this.	Ich denke nicht, dass Tom das gesagt hat.
350	He said he was thirsty.	He said that he was thirsty.	He said he's thirsty.	Er sagte, er habe Durst.
351	Their eyes are red.	Your eyes are red.	Her eyes are red.	Ihre Augen sind rot.
352	Don't worry about it anymore.	Don't worry about it any more.	Don't put up with it anymore.	Nicht noch mehr darauf legen!
353	They were listening.	They listened.	They stopped listening.	Sie hörten zu.
354	He's a rather ugly guy.	He is a rather ugly guy.	He's a very ugly guy.	Er ist ein eher häuslicher Typ.
355	She is playing in her room.	She's playing in her room.	She is playing in their room.	Sie spielt in ihrem Zimmer.
356	What films are on at the moment?	What movies are on at the moment?	Which films are on at the moment?	Welche Filme laufen denn zur Zeit?
357	Is it true that Tom tried to hang himself?	Is it true Tom tried to hang himself?	Is it true that Tom is trying to hang himself?	Stimmt es, dass Tom versucht hat, sich zu erhängen?
358	I've never loved anyone except Tom.	I've never loved anyone other than Tom.	I've never loved anyone but Tom.	Ich habe nie jemand anderen außer Tom geliebt.
359	Mary is a busy mother.	Mary is a working mother.	Mary is a workaholic mother.	Maria ist eine berufstätige Mutter.
360	Why are all so sad?	Why is everyone so sad?	Why is everybody so sad?	Warum sind alle so traurig?
361	I have other plans.	I've got other plans.	I've got another plan.	Ich habe andere Pläne.
362	Tom said he thought his parents were insufferable.	Tom said he thought his parents were irreplaceable.	Tom said he thought his parents were unavoidable.	Tom hielt seine Eltern für unfehlbar.
363	Tom went back in time.	Tom travelled back in time.	Tom walked back in time.	Tom reiste in der Zeit zurück.
364	I knew Tom wasn't going to do that properly.	I knew Tom wasn't going to be correct.	I knew Tom wasn't going to do that right away.	Ich wusste, dass Tom das nicht richtig machen würde.
365	How can one distinguish a giftable slange from an ungifted one?	How can you tell a giftable slange from an ungifted one?	How can you distinguish a giftable slange from an ungifted one?	Wie kann man eine giftige Schlange von einer ungiftigen unterscheiden?
366	I should've told you.	I should have told you.	I should have told you that.	Ich hätte ja sagen sollen.
367	Stay awake and continue to sleep.	Be careful and continue to sleep.	Stay awake and continue sleeping.	Sei artig und schlaf weiter!
368	Because you helped me, I can help you, too.	Because you helped me, I will help you, too.	Since you helped me, I can help you, too.	Weil du mir geholfen hast, helfe ich dir auch.
369	Tom asked Mary a lot of questions.	Tom asked Mary many questions.	Tom was asking Mary a lot of questions.	Tom stellte Maria viele Fragen.
370	They don't seem to be green.	They don't seem green.	They don't appear to be green.	Die scheinen sich nicht grün zu sein.
371	There's some water left.	There's still some water.	There is some water left.	Es ist noch etwas Wasser da.
372	The beet has gone out of the window.	The beet has gone out to the window.	The bee flies out of the window.	Die Biene ist zum Fenster hinausgeflogen.
373	Tom read Mary's message, but he didn't reply.	Tom read Mary's message, but didn't reply.	Tom has read Mary's message, but hasn't responded.	Tom hat Marias Nachricht zwar gelesen, aber nicht geantwortet.
374	Did you know Tom got married last week?	Did you know that Tom got married last week?	Did you know that Tom married last week?	Wusstest du, dass Tom letzte Woche geheiratet hat?
375	Did you know Tom got married last week?	Did you know that Tom got married last week?	Did you know Tom married last week?	Wusstet ihr, dass Tom letzte Woche geheiratet hat?
376	Did you know Tom got married last week?	Did you know that Tom got married last week?	Did you know Tom married last week?	Wussten Sie, dass Tom letzte Woche geheiratet hat?
377	Tom says he wasn't insured.	Tom says he isn't insured.	Tom says he hasn't been insured.	Tom sagt, er sei nicht versichert.
378	Tom and Mary travelled together.	Tom and Mary traveled together.	Tom and Mary stayed together.	Tom und Maria reisten zusammen.
379	How long did it take you to learn Japanese?	How long did it take you to study Japanese?	How much time did it take you to learn Japanese?	Wie lange habt ihr gebraucht, um Japanisch zu lernen?
380	How long did it take you to learn Japanese?	How long did it take you to study Japanese?	How much time did it take you to learn Japanese?	Wie lange haben Sie gebraucht, um Japanisch zu lernen?
381	Tom gave his thoughts during the lesson.	Tom confessed during the class.	Tom gave a speech during the class.	Tom gab sich während des Unterrichts Träumereien hin.
382	Tom thought that Mary was only kidding, but that wasn't the case.	Tom thought that Mary was just kidding, but that wasn't the case.	Tom thought that Mary was joking, but that wasn't the case.	Tom glaubte, Maria scherze nur, aber dem war nicht so.
383	Everyone was looking for you.	Everybody was looking for you.	Everyone has been looking for you.	Alle haben dich gesucht.
384	Everyone was looking for you.	Everybody was looking for you.	Everyone has been looking for you.	Alle haben Sie gesucht.
385	"We'd like to go tomorrow, when it's beautiful. Would you like to come along? ""It's supposed to rain tomorrow."""	"We want to go tomorrow, when it's beautiful. Will you come along? ""It's supposed to rain tomorrow."""	"We want to go tomorrow when it's beautiful. Will you come along? ""It's supposed to rain tomorrow."""	„Wir wollen morgen wandern gehen, wenn’s schön ist. Kommst du mit?“ – „Es soll doch morgen regnen.“
386	He's late because of a traffic accident.	He is late because of a traffic accident.	He's late because there's a traffic accident.	Er verspätet sich aufgrund eines Verkehrsunfalls.
387	We organized a party for the 20th anniversary of our company.	We held a party for the 20th anniversary of our company.	We organised a party for the 20th anniversary of our company.	Wir richteten zum 20jährigen Bestehen unserer Firma eine Feier aus.
388	I thought you said that you weren't afraid of ghosts.	I thought you said you weren't afraid of ghosts.	I thought that you said you weren't afraid of ghosts.	Du sagtest doch, du habest keine Angst vor Gespenstern.
389	It's harder than I thought it would be.	It's harder than I thought.	Mum is harder than I thought.	Mama sein ist schwerer, als ich dachte.
390	It's harder than I thought it would be.	It's harder than I thought.	Dad is harder than I thought he would be.	Papa sein ist schwerer, als ich dachte.
391	I'm younger than her.	I'm younger than she is.	I'm younger than she.	Ich bin jünger als sie.
392	What can I tell if anyone likes me?	What can I tell if someone likes me?	How can I tell if someone likes me?	Woran kann ich erkennen, ob mich jemand leiden mag?
393	On the thought that Mary could've gotten involved with him, Tom didn't come at all.	On the thought that Mary might have gotten involved with him, Tom didn't come at all.	On the thought that Mary could have gotten involved with him, Tom didn't come at all.	Auf den Gedanken, dass Maria mit ihm geschäkert haben könnte, kam Tom gar nicht erst.
394	They got married in September.	They married in September.	You got married in September.	Die haben im September geheiratet.
395	This isn't my knife.	This is not my knife.	That isn't my knife.	Das ist nicht mein Messer.
396	Tom was in Australia last month.	Tom spent the past month in Australia.	Tom went to Australia last month.	Tom war letzten Monat in Australien.
397	Tom isn't afraid to say his opinion.	Tom is not afraid to say his opinion.	Tom isn't afraid to tell his opinion.	Tom hat keine Angst, seine Meinung zu sagen.
398	Tom said he tried it in New York.	Tom said he'd tried it in New York.	Tom said he'd tried it out in the past.	Tom sagte, er habe es aus Neugier versucht.
399	Hallo to all except for the German translators who aren't visible at this hour.	Hallo to all except for the German translators who aren't under the watch at this hour.	Hallo to all except the German translators who aren't visible at this hour.	Ein Hallo an alle, außer an die deutschen Übersetzer, die zu dieser Stunde offensichtlich nicht unter den Wachenden sind.
400	He's coming tonight.	He will be here tonight.	He is coming tonight.	Er kommt heute Abend.
401	Is there something I need to know?	Is there anything I need to know?	Is there something I have to know?	Gibt es etwas, was ich wissen muss?
402	He touched her shoulder.	He patted her on the shoulder.	He touched them on the shoulder.	Er berührte sie an der Schulter.
403	Tom gave Mary some ice cubes.	Tom gave Mary lemon ice cubes.	Tom gave Mary goosebumps.	Tom schenkte Maria Gänseblümchen.
404	We haven't given these cows any names yet.	We haven't given these cows names yet.	We have not given these cows any names yet.	Wir haben diesen Welpen noch keine Namen gegeben.
405	We're not sure it's true, but we're going to get away with it.	We're not sure that it's true, but we're going to get away with it.	We aren't sure it's true, but we're going to get away with it.	Wir sind uns zwar nicht sicher, dass es stimmt, gehen aber davon aus.
406	She will never forget this day.	She'll never forget this day.	She's never forgotten this day.	Sie wird diesen Tag nie vergessen.
407	The earthquake damaged many old buildings.	The earthquake damaged a lot of old buildings.	A lot of old buildings were damaged by the earthquake.	Das Erdbeben beschädigte viele alte Gebäude.
408	I don't blame her for this.	I don't blame her for that.	I don't blame them for this.	Ich mache ihr dafür keinen Vorwurf.
409	Why are you ignoring me?	Why don't you ignore me?	Why do you ignore me?	Warum ignorierst du mich?
410	Why do you ignore me?	Why don't you ignore me?	Why are you ignoring me?	Warum ignoriert ihr mich?
411	Why are you ignoring me?	Why don't you ignore me?	Why do you ignore me?	Warum ignorieren Sie mich?
412	You think Tom is funny, but that won't happen to me.	You like Tom, but you don't like him.	You think Tom was grouchy; that won't happen to me.	Dich mag Tom genarrt haben; das wird ihm bei mir aber nicht gelingen!
413	I thought that we might become friends.	I thought that we could become friends.	I thought we could become friends.	Ich dachte, aus uns könnten Freunde werden.
414	Tom says he isn't interested.	Tom says he's not interested.	Tom says that he isn't interested.	Tom sagt, er sei nicht interessiert.
415	Tom was woken in the middle of the night by a loud noise.	Tom was woken by a loud noise in the night.	Tom got woken in the middle of the night by a loud noise.	Tom wurde mitten in der Nacht von einem lauten Geräusch geweckt.
416	Tom wrote a message that consisted of only capital letters.	Tom wrote a message which consisted of only capital letters.	Tom wrote a message which consisted of just capital letters.	Tom schrieb eine Nachricht, die nur aus Großbuchstaben bestand.
417	Everyone else is not taking care of me.	Everyone else doesn't care about me.	Everyone else doesn't take care of me.	Alle anderen kümmern mich nicht.
418	Tom should've asked.	Tom should have asked.	Tom should've been asked.	Tom hätte fragen sollen.
419	I've had three cups of coffee already.	I've already had three cups of coffee.	I've already drank three cups of coffee.	Ich habe schon drei Tassen Kaffee getrunken.
420	I can't possibly come.	I cannot possibly come.	It is impossible for me to come.	Ich kann unmöglich kommen.
421	You don't have anything I want.	You have nothing to do with what I want.	You don't have what I want.	Du hast nichts, was ich haben will.
422	If there's a problem, please let me know.	If there is a problem, please let me know.	If there's a problem, let me know.	Falls es ein Problem gibt, lassen Sie es mich bitte wissen.
423	I thought I had lost my keys.	I thought that I had lost my keys.	I thought I'd lost my keys.	Ich dachte, ich hätte meine Schlüssel verloren.
424	I don't want everyone to know.	I don't want everybody to know.	I don't want everyone to know it.	Ich will nicht, dass es alle wissen.
425	Red, green and blue are colors.	Red, green and blue are colours.	Red, yellow and blue are colors.	Rot, Gelb und Blau sind Farben.
426	Please wait until I've finished my homework.	Please wait until I have finished my homework.	Please wait until I finish my homework.	Bitte warte, bis ich mit den Hausaufgaben fertig bin!
427	In Japan, a census takes place once every five years.	In Japan, a Volkszähler takes place once every five years.	In Japan, a folk dance is held once every five years.	In Japan findet einmal alle fünf Jahre eine Volkszählung statt.
428	This is not a virus.	It's not a virus.	That's not a virus.	Das ist kein Virus.
429	I don't like to lie.	I don't like to tell lies.	I don't like lying.	Ich lüge nicht gerne.
430	This subject interests me.	This matter interests me.	This issue interests me.	Diese Sache interessiert mich.
431	Do you see? You need to learn a foreign language!	Do you see? You have to learn a foreign language!	Do you see? You need to learn a foreign language.	Siehst du? Du musst eine Fremdsprache lernen!
432	I was here for you.	I was here to see you.	I was in front of you here.	Ich war vor dir hier.
433	I've seen similar things.	I've experienced similar things.	I have seen similar things.	Ich habe Ähnliches erlebt.
434	There are at least five hundred students here.	There's at least five hundred students here.	Here are at least five hundred students.	Hier sind mindestens fünfhundert Studenten.
435	Tom is a dangerous man.	Tom's a dangerous man.	Tom is a dangerous guy.	Tom ist ein gefährlicher Mann.
436	She spoke to me politely.	She was polite to me.	She behaved politely towards me.	Sie verbeugte sich höflich vor mir.
437	I've met someone like you.	I've known someone like you.	I've met somebody like you.	Ich habe mal jemanden wie dich gekannt.
438	May I speak to the director?	Can I speak to the director?	May I speak to the manager?	Kann ich mit dem Direktor sprechen?
439	Wait a bit longer.	Wait another minute.	Wait a bit longer!	Warte noch etwas!
440	Do you have more suitcases?	Do you have any more boxes?	Do you have any more luggage?	Hast du noch mehr Koffer?
441	If you hurry, maybe you'll catch the bus.	If you hurry, perhaps you'll catch the bus.	If you hurry, maybe you will catch the bus.	Wenn du dich beeilst, erwischst du den Bus vielleicht noch.
442	Two thousand thirteen is the year I was born.	Two thousand thirteen is the year that I was born.	Twenty thirteen is the year I was born.	Zweitausenddreizehn ist das Jahr, in dem ich geboren wurde.
443	Do you believe in Father Christmas?	Do you believe in Santa Claus?	Do you believe in the Christmas man?	Glaubst du an den Weihnachtsmann?
444	You said that you'd help me.	You said you'd help me.	You said that you would help me.	Du hast gesagt, du würdest mir helfen.
445	I never talk to you again.	I'll never talk to you again.	I never speak to you again.	Ich rede nie wieder mit dir.
446	You're giving too much money.	You are giving too much money.	You're spending too much money.	Du gibst zu viel Geld aus.
447	Russian is my mother tongue.	Russian is my native language.	Russian is my first language.	Russisch ist meine Muttersprache.
448	He's biking.	He's riding his bicycle.	He's riding his bike.	Er ist mit dem Fahrrad hingefahren.
449	If you don't like it, you don't need to eat it.	If you don't like it, you don't have to eat it.	If it doesn't taste good, you don't need to eat it.	Wenn es dir nicht schmeckt, brauchst du es nicht zu essen.
450	That was a stupid idea.	This was a stupid idea.	It was a stupid idea.	Das war eine dumme Idee.
451	We only met today.	We didn't meet until today.	We've only met today.	Wir haben uns erst heute kennengelernt.
452	Don't touch the nails.	Don't touch the needles.	Don't get too close to the net.	Nicht an den Nägeln kauen!
453	I don't know what we should do with the child.	I don't know what to do with the child.	I don't know what we ought to do with the child.	Ich weiß nicht, was wir mit dem Kind machen sollen.
454	I'm sorry to have spoken to you and Tom.	I'm sorry to have spoken to you and Tom that way.	I am sorry to have spoken to you and Tom.	Es tut mir leid, so gemein von dir und Tom gesprochen zu haben.
455	Where's the moschee?	Where's the motel?	Where is the moschee?	Wo ist die Moschee?
456	Tom made some mistakes on the test.	Tom made a few mistakes on the test.	Tom made some errors on the test.	Tom sind bei dem Test einige Fehler unterlaufen.
457	I am studying for a test.	I'm studying for a test.	I'm learning for a test.	Ich lerne für einen Test.
458	It is the right thing to do.	It's the right thing.	This is the right thing to do.	Es ist das Richtige.
459	Tom went to Las Vegas.	Tom has gone to Las Vegas.	Tom drove to Las Vegas.	Tom ist nach Las Vegas gefahren.
460	When I was in Tokyo, I ate sushi every day.	I ate sushi every day when I was in Tokyo.	When I was in Tokyo, I had sushi every day.	Als ich in Tōkyō war, habe ich jeden Tag Sushi gegessen.
461	Fortunately, that didn't happen.	Fortunately, this didn't happen.	Fortunately, it didn't happen.	Zum Glück ist das nicht passiert.
462	This apple gave me this apple.	Tom gave me this apple.	This apple has given me this apple.	Diesen Apfel hat mir Tom gegeben.
463	I know Tom has gone to Boston.	I know Tom went to Boston.	I know that Tom has gone to Boston.	Ich weiß, dass Tom nach Boston gefahren ist.
464	I heard that Tom went to Boston.	I heard Tom went to Boston.	I heard that Tom had gone to Boston.	Ich habe gehört, Tom sei nach Boston gefahren.
465	Tom isn't a nether.	Tom isn't a netter.	Tom is not a nether.	Tom ist kein Netter.
466	I taught Tom's children French.	I've taught Tom's children French.	I taught Tom's kids French.	Ich habe Toms Kindern Französisch beigebracht.
467	Why didn't you come yesterday?	Why didn't you come over yesterday?	Why didn't you arrive yesterday?	Warum bist du denn gestern nicht vorbeigekommen?
468	Tom likes to do everything he thinks is right.	Tom likes doing everything he thinks is right.	Tom likes to do everything he thinks is correct.	Tom macht gerne alles so, wie er es für richtig hält.
469	That's not practical.	This isn't practical.	It's not practical.	Das ist nicht praktisch.
470	You know that's a lie.	You know this is a lie.	You know that is a lie.	Du weißt, dass das eine Lüge ist.
471	They know that's a lie.	You know that's a lie.	They know this is a lie.	Sie wissen, dass das eine Lüge ist.
472	You know that's a lie.	You know this is a lie.	You know that this is a lie.	Ihr wisst, dass das eine Lüge ist.
473	You know that's not true.	You know that isn't true.	You know this isn't true.	Du weißt, dass das nicht stimmt.
474	You know that's not true.	You know that isn't true.	You know this isn't true.	Ihr wisst, dass das nicht stimmt.
475	They know that's not true.	You know that's not true.	They know that isn't true.	Sie wissen, dass das nicht stimmt.
476	It was very hot on the bus.	It was very hot in the bus.	It was really hot on the bus.	Im Bus war es sehr heiß.
477	What's your son doing in Germany?	What is your son doing in Germany?	What does your son do in Germany?	Was macht dein Sohn denn in Deutschland?
478	What's your son doing in Germany?	What is your son doing in Germany?	What does your son do in Germany?	Was macht Ihr Sohn denn in Deutschland?
479	What's your son doing in Germany?	What is your son doing in Germany?	What does your son do in Germany?	Was macht euer Sohn denn in Deutschland?
480	It's already very late.	It's getting very late.	It's getting really late.	Es wird schon sehr spät.
481	You should have seen the movie last night.	You should've seen the movie last night.	You should have watched the movie last night.	Du hättest dir den Film gestern Abend ansehen sollen.
482	You should have seen the movie last night.	You should've seen the movie last night.	You should have watched the movie last night.	Ihr hättet euch den Film gestern Abend ansehen sollen.
483	They should have seen the movie last night.	They should've seen the movie last night.	You should have seen the movie last night.	Sie hätten sich den Film gestern Abend ansehen sollen.
484	The water isn't cold.	That water isn't cold.	The water isn't cold here.	Das Wasser da ist nicht kalt.
485	My phone is just getting up.	My phone's just getting charged.	My phone is ringing.	Mein Telefon lädt sich gerade auf.
486	If I'm not mistaken, I've seen the man before.	If I'm not mistaken, I've seen the man once.	If I don't irresist, I've seen the man before.	Wenn ich mich nicht irre, habe ich den Mann schon einmal gesehen.
487	I'm going to Tom's tomorrow.	I'm going to Tom tomorrow.	I am going to Tom's tomorrow.	Ich gehe morgen zu Tom.
488	I'm going to Tom tomorrow.	I am going to Tom tomorrow.	I will go to Tom tomorrow.	Ich fahre morgen zu Tom.
489	The crime rate in this city is high.	The crime rate in this town is high.	The crime rate in that city is high.	Die Kriminalitätsrate in dieser Stadt ist hoch.
490	We enjoyed our vacation.	We enjoyed our holiday.	We had a nice holiday.	Wir haben unseren Urlaub genossen.
491	Tom was playing bridge.	Tom played bridge.	Tom was playing the bridge.	Tom spielte Bridge.
492	I've never heard anything from this actor.	I have never heard anything from this actor.	I've never heard anything from that actor.	Von diesem Schauspieler habe ich noch nie etwas gehört.
493	Mary is probably rich.	Mary is likely rich.	Mary is likely to be rich.	Maria ist wahrscheinlich reich.
494	Tom heard someone hustling.	Tom heard somebody hustling.	Tom heard someone whispering.	Tom hörte jemanden husten.
495	Tom was starved.	Tom got hungry.	They made Tom hungry.	Man ließ Tom verhungern.
496	I got the ticket for free.	I got the ticket for nothing.	I got the ticket free of charge.	Ich habe die Eintrittskarte umsonst bekommen.
497	I can see it as many times as I want: it keeps me laughing.	I can see it as many times as I want: it keeps me laughing forever.	I can see that as many times as I want: it keeps me laughing.	Das kann ich so oft sehen, wie ich will: es bringt mich immer noch zum Lachen.
498	Put on your tie.	Put your tie on.	Get your hair cut.	Richte deine Krawatte!
499	The teacher came in.	The teacher got in.	The teacher came inside.	Der Lehrer kam herein.
500	The table is folding.	The table is rolling.	The table is sloping.	Der Tisch wackelt.
501	It's not easy to lose weight.	It isn't easy to lose weight.	It is not easy to lose weight.	Abnehmen ist nicht leicht.
502	School starts at 8:00.	School begins at 8:00.	School starts at 8:30.	Die Schule beginnt um 8.30 Uhr.
